0,1,2,3,4,5,6,7,8,9,10,11,12,13,14,15,16,17,18,19,20,21,22,23,24,25,26,27,28,29,30,31,32,33,34,35,36,37,38,39,40,41,42,43,44,45,46,47,48,49,50,51,52,53,54,55,56,57,58,59,60,61,62,63,64,65,66,67,68
0.28365034,,,,,,,,,,,,,,,,,,,,,,,,,,,,,,,,,,,,,,,,,,,,,,,,,,,,,,,,,,,,,,,,,,,,
0.44406158,0.7866049,,,,,,,,,,,,,,,,,,,,,,,,,,,,,,,,,,,,,,,,,,,,,,,,,,,,,,,,,,,,,,,,,,,
0.4790066,0.69610184,0.76530844,,,,,,,,,,,,,,,,,,,,,,,,,,,,,,,,,,,,,,,,,,,,,,,,,,,,,,,,,,,,,,,,,,
0.43837422,0.61304206,0.66694766,0.5990558,,,,,,,,,,,,,,,,,,,,,,,,,,,,,,,,,,,,,,,,,,,,,,,,,,,,,,,,,,,,,,,,,
0.53607994,0.6384566,0.6587152,0.6442361,0.65357065,,,,,,,,,,,,,,,,,,,,,,,,,,,,,,,,,,,,,,,,,,,,,,,,,,,,,,,,,,,,,,,,
0.4264078,0.63018113,0.68624276,0.60900134,0.6355203,0.61032206,,,,,,,,,,,,,,,,,,,,,,,,,,,,,,,,,,,,,,,,,,,,,,,,,,,,,,,,,,,,,,,
0.4161106,0.6058723,0.63140005,0.6025155,0.6497911,0.62255484,0.671455,,,,,,,,,,,,,,,,,,,,,,,,,,,,,,,,,,,,,,,,,,,,,,,,,,,,,,,,,,,,,,
0.43740234,0.67174155,0.6875487,0.6323084,0.6536306,0.69386,0.6417281,0.69866323,,,,,,,,,,,,,,,,,,,,,,,,,,,,,,,,,,,,,,,,,,,,,,,,,,,,,,,,,,,,,
0.40579137,0.6347997,0.66032743,0.5628159,0.5846539,0.6212129,0.56938076,0.6566971,0.6434403,,,,,,,,,,,,,,,,,,,,,,,,,,,,,,,,,,,,,,,,,,,,,,,,,,,,,,,,,,,,
0.45173216,0.68854636,0.6734924,0.6296626,0.66856635,0.66596204,0.69709486,0.6672767,0.5713153,0.7137133,,,,,,,,,,,,,,,,,,,,,,,,,,,,,,,,,,,,,,,,,,,,,,,,,,,,,,,,,,,
0.45510048,0.64088815,0.6957004,0.6418795,0.6623791,0.6300392,0.60507584,0.6691039,0.56834394,0.6855137,0.6374021,,,,,,,,,,,,,,,,,,,,,,,,,,,,,,,,,,,,,,,,,,,,,,,,,,,,,,,,,,
0.4256922,0.59505045,0.6098129,0.56156045,0.62295055,0.5708773,0.5893164,0.5957807,0.53577906,0.6085867,0.57693607,0.49604395,,,,,,,,,,,,,,,,,,,,,,,,,,,,,,,,,,,,,,,,,,,,,,,,,,,,,,,,,
0.48757035,0.7247858,0.79019636,0.70205116,0.67055863,0.71345466,0.7550807,0.73168355,0.7487981,0.7344447,0.6937403,0.6402677,0.86828685,,,,,,,,,,,,,,,,,,,,,,,,,,,,,,,,,,,,,,,,,,,,,,,,,,,,,,,,
0.47620758,0.69696283,0.7054829,0.70364046,0.6833306,0.6825213,0.6560847,0.7263997,0.6238483,0.69641966,0.7041671,0.6172737,0.7408778,0.73418325,,,,,,,,,,,,,,,,,,,,,,,,,,,,,,,,,,,,,,,,,,,,,,,,,,,,,,,
0.41647774,0.5560113,0.53315055,0.5342226,0.5882637,0.5544965,0.5589021,0.57905996,0.5278148,0.59013695,0.5388404,0.5366853,0.58921653,0.59230304,0.5357794,,,,,,,,,,,,,,,,,,,,,,,,,,,,,,,,,,,,,,,,,,,,,,,,,,,,,,
0.36423331,0.49709058,0.5433423,0.48540464,0.5798912,0.4989879,0.5514782,0.53962684,0.4869162,0.53617126,0.5002515,0.48605627,0.596451,0.5448146,0.47655165,0.3663745,,,,,,,,,,,,,,,,,,,,,,,,,,,,,,,,,,,,,,,,,,,,,,,,,,,,,
0.39804125,0.6317318,0.552606,0.54859895,0.6106222,0.5203264,0.52371436,0.53486884,0.48484635,0.59383136,0.5798169,0.50044,0.576196,0.6093798,0.4894974,0.3857133,0.47516093,,,,,,,,,,,,,,,,,,,,,,,,,,,,,,,,,,,,,,,,,,,,,,,,,,,,
0.48013315,0.6657942,0.71409136,0.6969511,0.672853,0.68645096,0.71412617,0.7133325,0.67745644,0.68918425,0.6633823,0.5890688,0.8281453,0.73552704,0.5829985,0.54609257,0.5860253,0.85735905,,,,,,,,,,,,,,,,,,,,,,,,,,,,,,,,,,,,,,,,,,,,,,,,,,,
0.4175172,0.6490254,0.6542371,0.585488,0.60697067,0.6012745,0.5616316,0.6295311,0.60193735,0.6039505,0.60263604,0.54844904,0.66684014,0.6556003,0.5346657,0.47080398,0.5112298,0.63057,0.5551299,,,,,,,,,,,,,,,,,,,,,,,,,,,,,,,,,,,,,,,,,,,,,,,,,,
0.340443,0.5011179,0.5118688,0.4477555,0.553583,0.40131056,0.5399942,0.4021419,0.40168765,0.52167493,0.43637633,0.45793676,0.5972033,0.46210238,0.42377594,0.3786676,0.40224132,0.50819045,0.40277842,0.285151,,,,,,,,,,,,,,,,,,,,,,,,,,,,,,,,,,,,,,,,,,,,,,,,,
0.46925622,0.6840609,0.6478194,0.6157259,0.6454794,0.66233164,0.63326293,0.6630161,0.61673844,0.6888262,0.62007743,0.5901222,0.6957852,0.671545,0.58940125,0.53122455,0.5927703,0.7046632,0.6123535,0.4766097,0.67529947,,,,,,,,,,,,,,,,,,,,,,,,,,,,,,,,,,,,,,,,,,,,,,,,
0.48551708,0.75124663,0.72872543,0.68788546,0.6878632,0.6971851,0.6966569,0.725204,0.688549,0.71246934,0.66645914,0.6170249,0.8041167,0.75274134,0.60404813,0.54828066,0.6203121,0.8396702,0.6680525,0.50746804,0.7383838,0.82582307,,,,,,,,,,,,,,,,,,,,,,,,,,,,,,,,,,,,,,,,,,,,,,,
0.39512345,0.579177,0.6851912,0.5745049,0.5806048,0.59042376,0.5610524,0.60457665,0.6139617,0.57820415,0.60340613,0.53481376,0.7212572,0.6082837,0.47615337,0.48641214,0.44134286,0.6390576,0.56773645,0.4141812,0.56333435,0.6094181,0.5873696,,,,,,,,,,,,,,,,,,,,,,,,,,,,,,,,,,,,,,,,,,,,,,
0.4526132,0.64899844,0.6945676,0.64985174,0.6635797,0.6616206,0.62581855,0.68674237,0.6037654,0.70346373,0.71674806,0.58278,0.71267843,0.7168549,0.5623573,0.53531045,0.58736783,0.6975894,0.6130081,0.4251342,0.6530276,0.70171326,0.6193053,0.65045923,,,,,,,,,,,,,,,,,,,,,,,,,,,,,,,,,,,,,,,,,,,,,
0.36145473,0.5423955,0.6297993,0.5253058,0.5715936,0.5468075,0.6083677,0.5594258,0.5495154,0.59243155,0.551899,0.52023333,0.6836172,0.558886,0.47103676,0.5184045,0.41894615,0.5562279,0.5239327,0.46108088,0.5364779,0.5530736,0.62503386,0.5730872,0.5335973,,,,,,,,,,,,,,,,,,,,,,,,,,,,,,,,,,,,,,,,,,,,
0.43663606,0.5933275,0.5791218,0.5627957,0.62708855,0.57248104,0.5579678,0.59313154,0.5306985,0.6088669,0.57130736,0.54829353,0.6135193,0.61796117,0.5475771,0.4781571,0.5248698,0.6233629,0.5310144,0.4197456,0.6217868,0.6604716,0.48428345,0.59582776,0.4593164,0.5255337,,,,,,,,,,,,,,,,,,,,,,,,,,,,,,,,,,,,,,,,,,,
0.37331715,0.5917711,0.56841046,0.51636875,0.5797976,0.51334,0.47399053,0.5408208,0.5409592,0.536128,0.53580236,0.49456865,0.5788811,0.57472235,0.48610947,0.40421727,0.48466393,0.52829844,0.5419567,0.3754052,0.5551005,0.5758541,0.4775513,0.54236877,0.45461932,0.48331633,0.40259448,,,,,,,,,,,,,,,,,,,,,,,,,,,,,,,,,,,,,,,,,,
0.40088445,0.584719,0.6248439,0.56711215,0.6380355,0.5779601,0.6428492,0.61599785,0.57914084,0.6395685,0.59469694,0.57056105,0.6999437,0.6161906,0.5495059,0.5077668,0.4774444,0.6550105,0.54261154,0.45782685,0.6089829,0.6519364,0.55580986,0.6257541,0.5468275,0.54855555,0.5119275,0.4999493,,,,,,,,,,,,,,,,,,,,,,,,,,,,,,,,,,,,,,,,,
0.46954274,0.7269411,0.76333356,0.6845238,0.65840924,0.6883152,0.6556302,0.72486705,0.7224048,0.69402504,0.69661146,0.6293658,0.81178826,0.74450326,0.59043825,0.57612556,0.56286633,0.72373056,0.68002766,0.501555,0.67349094,0.7393341,0.7023751,0.720052,0.65451676,0.59286785,0.6206139,0.6760333,0.7902098,,,,,,,,,,,,,,,,,,,,,,,,,,,,,,,,,,,,,,,,
0.5003614,0.7483875,0.74877405,0.73158807,0.6934663,0.6967904,0.717241,0.7291028,0.68843055,0.73243755,0.7069493,0.6315383,0.85088634,0.78116393,0.61298585,0.5523543,0.62902766,0.8642494,0.66981286,0.5573673,0.7309474,0.8458533,0.65111667,0.71989155,0.5704064,0.64783984,0.5762301,0.6683929,0.7770812,0.88056266,,,,,,,,,,,,,,,,,,,,,,,,,,,,,,,,,,,,,,,
0.4790198,0.615842,0.6733433,0.59903395,0.61177343,0.613212,0.5755054,0.6403287,0.60522175,0.606988,0.62613636,0.5878798,0.66095805,0.6571206,0.52825457,0.5432761,0.5286725,0.60515,0.6110649,0.4856412,0.59338,0.6298412,0.6072023,0.62748706,0.57665384,0.5585253,0.5680227,0.589188,0.67546475,0.6365615,0.6138999,,,,,,,,,,,,,,,,,,,,,,,,,,,,,,,,,,,,,,
0.31903884,0.43602994,0.40929297,0.3885321,0.50674623,0.3847772,0.416263,0.41002995,0.33776775,0.44302073,0.40892562,0.43260437,0.41583392,0.4268797,0.41499314,0.35312375,0.36600384,0.3852998,0.38035753,0.34710824,0.42809287,0.419184,0.34691572,0.41272098,0.3633537,0.41224265,0.3878266,0.42283145,0.43006033,0.42314848,0.4459845,0.3106996,,,,,,,,,,,,,,,,,,,,,,,,,,,,,,,,,,,,,
0.45463577,0.6579754,0.71294475,0.6411645,0.6571746,0.69523185,0.66496474,0.72239846,0.6840988,0.6909326,0.6402655,0.5961267,0.7776726,0.70821,0.5988342,0.54169375,0.53742486,0.7792004,0.6425259,0.4522712,0.69432616,0.78355265,0.6267136,0.68391246,0.58238924,0.62334317,0.53900105,0.6458934,0.7430307,0.7673214,0.6339167,0.3919907,0.74052024,,,,,,,,,,,,,,,,,,,,,,,,,,,,,,,,,,,,
0.43285123,0.61372703,0.6240049,0.61467487,0.64924914,0.59906626,0.60822767,0.6122268,0.5439222,0.64856,0.6010511,0.5468132,0.67936844,0.6621648,0.55500156,0.47931853,0.53603077,0.719194,0.5465693,0.4223276,0.6647175,0.7130842,0.5304162,0.63105315,0.48966923,0.58631885,0.502734,0.57760537,0.6549378,0.72860557,0.5716952,0.39715514,0.6601018,0.5386437,,,,,,,,,,,,,,,,,,,,,,,,,,,,,,,,,,,
0.45513186,0.6672621,0.70317006,0.6301161,0.6598394,0.6469596,0.6313694,0.6729534,0.6301645,0.68051857,0.6654808,0.58422184,0.75936204,0.68980664,0.57210785,0.49843082,0.5534678,0.75079507,0.59925395,0.47294652,0.6732001,0.74518615,0.6038298,0.67788434,0.53522474,0.59476316,0.51374704,0.6200982,0.7139887,0.77726537,0.619281,0.39246836,0.70783854,0.6348868,0.5972001,,,,,,,,,,,,,,,,,,,,,,,,,,,,,,,,,,
0.43395358,0.6289191,0.66512936,0.6276236,0.6520034,0.64807,0.62904644,0.67937255,0.5935633,0.68436694,0.6424318,0.58013743,0.69759494,0.7044081,0.58039284,0.5570057,0.53191966,0.6798286,0.61061597,0.41433546,0.6550955,0.70339686,0.60100645,0.6853799,0.5925905,0.59654003,0.5286904,0.61241055,0.7111885,0.6968284,0.6161788,0.4067741,0.7183313,0.63641644,0.6421138,0.6360688,,,,,,,,,,,,,,,,,,,,,,,,,,,,,,,,,
0.4730946,0.71620435,0.70563823,0.6319251,0.68030804,0.6632144,0.6486481,0.68380755,0.6062301,0.7052198,0.6685849,0.59718454,0.72898674,0.71190375,0.5854019,0.51566607,0.61845785,0.7330602,0.60237867,0.4920199,0.7001018,0.78214383,0.538102,0.68426585,0.51498246,0.63780975,0.53700155,0.6234832,0.6915169,0.7695706,0.61783606,0.42481998,0.7151596,0.6654556,0.73049545,0.65870804,0.7734129,,,,,,,,,,,,,,,,,,,,,,,,,,,,,,,,
0.5203028,0.6805689,0.7012145,0.707908,0.6955157,0.68698597,0.6982401,0.718568,0.6600312,0.7134279,0.69552475,0.6335365,0.7698153,0.7666248,0.63155264,0.6035246,0.6196266,0.79575545,0.66444325,0.5355706,0.70012134,0.7846643,0.63312757,0.7218296,0.58662015,0.65506226,0.5944151,0.67326105,0.7361187,0.80510795,0.6347334,0.45850754,0.74693376,0.7154665,0.72841245,0.7180215,0.72494787,0.7652729,,,,,,,,,,,,,,,,,,,,,,,,,,,,,,,
0.48853797,0.6253138,0.6382462,0.6176894,0.64700896,0.6321909,0.60901207,0.66831994,0.60773975,0.6332063,0.62271553,0.590464,0.67501354,0.6717236,0.5784603,0.54259115,0.55811256,0.6696742,0.59324247,0.48320723,0.6340759,0.683154,0.57066894,0.64795154,0.5394697,0.60550326,0.54869074,0.6066162,0.65946126,0.68969655,0.60426843,0.44967413,0.66830826,0.61892277,0.64386994,0.6384907,0.6529991,0.69074035,0.6184613,,,,,,,,,,,,,,,,,,,,,,,,,,,,,,
0.527338,0.6829883,0.6761934,0.6756328,0.6712587,0.67188233,0.6793674,0.7019386,0.6560031,0.6889767,0.65791386,0.61972934,0.7462633,0.71552366,0.60949725,0.57689667,0.61578083,0.7685899,0.64043164,0.5519201,0.69408333,0.7624775,0.6192852,0.679076,0.57364583,0.6388562,0.5872232,0.65152645,0.6977527,0.7748416,0.6156394,0.46260744,0.7181196,0.69012076,0.7104618,0.6733166,0.7037058,0.75340414,0.6782991,0.7121146,,,,,,,,,,,,,,,,,,,,,,,,,,,,,
0.43100896,0.60833776,0.6297907,0.5664824,0.6261001,0.5890397,0.61287534,0.6006089,0.5482438,0.6293918,0.5846338,0.5829701,0.66017973,0.6138495,0.54780734,0.51440346,0.49678293,0.6156348,0.5583059,0.46378356,0.61923367,0.64298105,0.5595895,0.6038814,0.56229526,0.5609242,0.48746267,0.5887082,0.63744897,0.64638436,0.58620644,0.43154615,0.62173444,0.5740402,0.60950226,0.6083365,0.6363065,0.64498687,0.5961872,0.63009584,0.53495044,,,,,,,,,,,,,,,,,,,,,,,,,,,,
0.40053353,0.5208949,0.53598857,0.49007997,0.5661535,0.48719564,0.49697167,0.49319258,0.4189568,0.5229207,0.4976862,0.50195485,0.51966214,0.5252671,0.4682624,0.44014785,0.4474234,0.49512863,0.47227794,0.4209203,0.51265186,0.5261368,0.4492122,0.4981864,0.45341274,0.49011847,0.4392716,0.48254746,0.5181051,0.5303581,0.5200167,0.40965843,0.5038583,0.48575035,0.49035388,0.50550824,0.5200022,0.54158616,0.5168525,0.53437847,0.5101701,0.43757164,,,,,,,,,,,,,,,,,,,,,,,,,,,
0.53075826,0.6373698,0.65490925,0.6308672,0.6480854,0.6340752,0.6739214,0.6569348,0.62810713,0.65841955,0.6377255,0.6223507,0.7029691,0.6628086,0.5863419,0.6031475,0.5878001,0.6724549,0.6176998,0.5830841,0.63601285,0.67781794,0.6142025,0.64245206,0.6231102,0.60609263,0.5768432,0.64004004,0.6653847,0.68276036,0.61754483,0.4946796,0.66221756,0.6286472,0.6558972,0.64229304,0.65436417,0.6748054,0.6325366,0.66601384,0.63139015,0.5499596,0.6496389,,,,,,,,,,,,,,,,,,,,,,,,,,
0.5240595,0.69696295,0.6752768,0.6485755,0.67059606,0.653845,0.6597792,0.675226,0.6312106,0.6965802,0.6602151,0.63127565,0.72296035,0.70222884,0.62465334,0.5686152,0.61789787,0.7095157,0.6265287,0.56639826,0.6882779,0.7304729,0.5849597,0.67081696,0.5588325,0.6386651,0.58352846,0.6514197,0.696998,0.7591353,0.6122624,0.47775903,0.6924417,0.6658186,0.71754825,0.65876275,0.7446489,0.7198014,0.6599738,0.70394516,0.6459534,0.5471312,0.6517818,0.71616286,,,,,,,,,,,,,,,,,,,,,,,,,
0.45668063,0.58646685,0.5744671,0.54369485,0.5901495,0.54206467,0.5300092,0.56357086,0.51176137,0.5721062,0.56844205,0.5336711,0.5842763,0.57987547,0.516787,0.4692471,0.52135944,0.5652417,0.5366194,0.4733292,0.56898123,0.58571,0.5085172,0.5662814,0.48394126,0.5304325,0.506224,0.52492106,0.57926184,0.60553503,0.5529301,0.4312091,0.55164105,0.54144377,0.57375145,0.54027,0.5766028,0.59781563,0.5690315,0.5996157,0.53668314,0.49103498,0.57639724,0.6072234,0.5153071,,,,,,,,,,,,,,,,,,,,,,,,
0.44763166,0.5483854,0.5652433,0.53109396,0.56960434,0.5176941,0.5210141,0.5298737,0.51158106,0.54400235,0.53092635,0.5158498,0.5831535,0.55604386,0.48546374,0.4684915,0.49323326,0.57419634,0.51920784,0.4631175,0.5550321,0.5749709,0.50732297,0.53398275,0.47360784,0.50263035,0.48224178,0.5130545,0.5621337,0.59240025,0.5457503,0.3994341,0.54489106,0.52757394,0.55471724,0.518267,0.5467832,0.59081376,0.54165834,0.59476036,0.5231921,0.47238567,0.5695471,0.57868034,0.52047646,0.49847355,,,,,,,,,,,,,,,,,,,,,,,
0.530443,0.6381213,0.65535444,0.626481,0.63111067,0.6378776,0.6168931,0.64986795,0.6370401,0.62935793,0.6224032,0.60493064,0.6863999,0.6653956,0.5735154,0.5728281,0.58109516,0.67289215,0.6153058,0.53722155,0.63659966,0.6794012,0.613957,0.6391954,0.58076227,0.60593945,0.57084244,0.6128467,0.6685006,0.6819094,0.6235973,0.47212166,0.6645435,0.6239827,0.653722,0.6319811,0.6465107,0.67402524,0.6354503,0.66515344,0.6090156,0.5373303,0.6375396,0.6463922,0.5721721,0.5724186,0.635581,,,,,,,,,,,,,,,,,,,,,,
0.51433367,0.62239754,0.6341217,0.59778124,0.61854184,0.5969588,0.6088188,0.59643453,0.5836445,0.6196474,0.5942149,0.58593714,0.66135275,0.6215802,0.55309737,0.5534111,0.564151,0.63062674,0.58405095,0.55856615,0.6157454,0.64506155,0.5729753,0.6013482,0.5699423,0.5767195,0.55876917,0.59196085,0.6317889,0.6564266,0.59062195,0.47123867,0.61923826,0.6012572,0.62423325,0.598924,0.6335817,0.6399326,0.60264874,0.6369518,0.5989475,0.54249966,0.62792826,0.64494425,0.5711283,0.5611769,0.6151266,0.59769505,,,,,,,,,,,,,,,,,,,,,
0.52041644,0.64819556,0.6318106,0.6124421,0.62686104,0.6481655,0.65137655,0.66827005,0.63117516,0.65399057,0.61511385,0.60764515,0.6812124,0.6506828,0.59943956,0.567591,0.5821295,0.6724823,0.62229586,0.54017687,0.6597763,0.68443424,0.59132564,0.6294872,0.57969195,0.6055072,0.5781633,0.62508476,0.65339595,0.68061286,0.5972052,0.48305207,0.6706546,0.6281725,0.6519423,0.6385397,0.6478774,0.6661207,0.6341078,0.6751099,0.6152368,0.5314067,0.64479977,0.6540464,0.5767971,0.5560898,0.6316023,0.60970026,0.6451158,,,,,,,,,,,,,,,,,,,,
0.6041409,0.6713547,0.68814236,0.67600626,0.6652771,0.6787251,0.66792315,0.6903614,0.6710154,0.67778176,0.67870855,0.6569878,0.70259744,0.69590837,0.63697016,0.6399188,0.6405939,0.6910377,0.6715367,0.609476,0.6695128,0.6937228,0.6689932,0.6893977,0.65219426,0.6503656,0.6453825,0.66980946,0.7050247,0.70012784,0.66237247,0.56384504,0.6936151,0.6735445,0.68684727,0.6857432,0.6749012,0.69931334,0.67250323,0.68518656,0.65994173,0.6039927,0.66631943,0.6698764,0.62802404,0.61615354,0.67019707,0.6446978,0.66195154,0.68611705,,,,,,,,,,,,,,,,,,,
0.52390134,0.59804577,0.599774,0.58051246,0.60419476,0.5903935,0.5959155,0.6042678,0.57848185,0.60495234,0.58907044,0.5857515,0.61562747,0.59997547,0.5753597,0.55708,0.5596034,0.60127974,0.57728934,0.5444441,0.600931,0.6127028,0.56417584,0.5943193,0.55941516,0.58087146,0.55855733,0.59426403,0.60740674,0.61371887,0.58346653,0.51240444,0.6056177,0.58807486,0.6048604,0.5920368,0.6094626,0.6118673,0.59756345,0.61491895,0.5924849,0.54368544,0.60885,0.6146374,0.56964517,0.55883056,0.5941154,0.5893661,0.606874,0.6264247,0.5878728,,,,,,,,,,,,,,,,,,
0.6715621,0.7360435,0.7572299,0.7473721,0.7219278,0.7476295,0.74181104,0.75583905,0.7403646,0.745155,0.749277,0.72450155,0.77165544,0.76190084,0.69234467,0.7146509,0.7097231,0.7581074,0.73755044,0.6887022,0.7287029,0.75756973,0.7419471,0.75668687,0.7262354,0.71175563,0.7175622,0.7430963,0.7717674,0.76567334,0.7236013,0.6333717,0.75656134,0.74135625,0.7532232,0.7511291,0.7405209,0.7605282,0.73043203,0.742986,0.72703904,0.6679269,0.72055763,0.7251557,0.68591255,0.6796737,0.71961915,0.69936776,0.7081974,0.7342633,0.6682161,0.7664564,,,,,,,,,,,,,,,,,
0.5968449,0.6334952,0.6388448,0.63290286,0.6365654,0.6319185,0.6399051,0.6349124,0.62696195,0.63931674,0.6329153,0.629418,0.6528006,0.6408158,0.61144745,0.61679494,0.6179093,0.643781,0.62649804,0.61583143,0.6324327,0.64502984,0.6261098,0.6359452,0.62244606,0.620954,0.6160397,0.63477826,0.64481705,0.650632,0.6223013,0.5787521,0.6389958,0.63275176,0.6417567,0.6333411,0.63656473,0.64686584,0.6300579,0.64398193,0.63078463,0.60025764,0.6425153,0.6405181,0.6145443,0.60899895,0.6326595,0.6317821,0.6314245,0.647637,0.6157261,0.67764205,0.63568324,,,,,,,,,,,,,,,,
0.5425442,0.59324795,0.60749996,0.59490484,0.6019474,0.59858173,0.5889576,0.6068525,0.58926296,0.60114247,0.6014511,0.5889853,0.6129645,0.61137646,0.56905127,0.57387406,0.5700243,0.6017349,0.5922979,0.5470446,0.59610623,0.60601884,0.5900524,0.6072868,0.57975274,0.579459,0.5766481,0.5930163,0.6178368,0.60918784,0.6020757,0.52278596,0.60552335,0.59299845,0.6031156,0.6033086,0.59635717,0.616087,0.59837043,0.60843045,0.5905947,0.5530354,0.60266036,0.59639794,0.56904984,0.5697654,0.60408676,0.5860184,0.59245527,0.6381442,0.5850308,0.6765476,0.61231554,0.5929952,,,,,,,,,,,,,,,
0.58745265,0.627853,0.6296345,0.6256234,0.62735283,0.6286153,0.6222014,0.6357699,0.62293565,0.6280714,0.62622446,0.61898106,0.638674,0.638744,0.60879916,0.6046934,0.6113655,0.6348544,0.6242469,0.5899196,0.628191,0.63973075,0.6154161,0.630921,0.60725373,0.6164181,0.6112995,0.6219001,0.6378747,0.64020777,0.6193402,0.564598,0.6357377,0.62508535,0.63211745,0.6307906,0.62861305,0.6413822,0.62975043,0.6398465,0.6188139,0.5878329,0.6277685,0.628607,0.6046445,0.59878474,0.62908155,0.6139796,0.63079846,0.64838594,0.6082909,0.6747087,0.62353677,0.61212397,0.62698203,,,,,,,,,,,,,,
0.5828366,0.6206209,0.62781715,0.61794263,0.62424046,0.6220063,0.61820614,0.62816876,0.6162195,0.62345845,0.6243456,0.61563796,0.6339724,0.62979126,0.5994455,0.6008443,0.6040345,0.62440217,0.6177219,0.58847857,0.61871564,0.6298411,0.6116678,0.6259478,0.60453016,0.60940874,0.60474193,0.618332,0.6324042,0.63134545,0.61933535,0.5630897,0.6266998,0.61570275,0.6267942,0.6217392,0.62330514,0.63164854,0.62171745,0.62794346,0.6151798,0.5856815,0.6264942,0.6233752,0.60131145,0.59359384,0.62210655,0.6117607,0.6209093,0.6443136,0.6082919,0.6732598,0.6251407,0.6117338,0.62427384,0.61949635,,,,,,,,,,,,,
0.5543396,0.59483784,0.60144854,0.59235245,0.6023067,0.5969158,0.5888562,0.60086334,0.5879951,0.5998473,0.5958063,0.5865598,0.6078028,0.60456127,0.57644534,0.57195425,0.5795538,0.6041483,0.5896015,0.5551457,0.6014657,0.61081374,0.58308154,0.6029534,0.57600135,0.58969295,0.5746782,0.5909674,0.60527384,0.6090262,0.58816755,0.52838725,0.6060549,0.59592086,0.60343766,0.6034184,0.60265714,0.6118523,0.5999102,0.6090747,0.5921919,0.55867636,0.5994885,0.6023372,0.5746408,0.56727034,0.6013422,0.5892558,0.5983676,0.62706417,0.5856286,0.6542354,0.606663,0.5900715,0.6102241,0.60529655,0.59225494,,,,,,,,,,,,
0.59037507,0.61261827,0.6154371,0.6131208,0.61861354,0.6146316,0.6137917,0.6177251,0.6085477,0.61660606,0.6151287,0.6092304,0.6219489,0.62057346,0.6017216,0.60054666,0.60416734,0.6201313,0.6102349,0.59325856,0.61542124,0.6222288,0.60537213,0.6170815,0.6012131,0.6084519,0.60232306,0.6116023,0.6192559,0.6233452,0.60734767,0.5746695,0.6181363,0.6140838,0.6182231,0.6150639,0.61643136,0.62444884,0.61507756,0.6227338,0.60977614,0.59004265,0.6188143,0.617056,0.6008438,0.59577703,0.61537,0.60934585,0.6161738,0.63139933,0.60377824,0.65131295,0.6202761,0.60582066,0.61773443,0.61727005,0.60421354,0.61297643,,,,,,,,,,,
0.6374902,0.66036963,0.6638268,0.66010714,0.6597055,0.6609028,0.6616556,0.6633616,0.65697753,0.66301227,0.6603621,0.65700424,0.6706979,0.66623014,0.64651644,0.64936566,0.650045,0.6663491,0.6573999,0.6454976,0.659648,0.66767985,0.6553305,0.662045,0.6515293,0.65295553,0.649607,0.65936756,0.6666102,0.6705827,0.6539592,0.62306404,0.664294,0.65983075,0.66507345,0.6611514,0.66204447,0.6687525,0.6598313,0.66726285,0.6576401,0.63801193,0.6615229,0.6630031,0.6469423,0.6437778,0.658425,0.65540355,0.6581127,0.6659062,0.6439455,0.68487054,0.6541637,0.6407347,0.64849323,0.64745337,0.63557684,0.6391848,0.66271716,,,,,,,,,,
0.5903279,0.617592,0.61751306,0.6163003,0.62142843,0.6182371,0.61884916,0.62214845,0.61205137,0.6226666,0.6168437,0.6125112,0.6278318,0.62435484,0.60877115,0.60286236,0.60684603,0.62633294,0.6114809,0.597451,0.6222864,0.6283317,0.60655546,0.62030387,0.60250556,0.613817,0.60270345,0.6157802,0.62298846,0.6307934,0.6066435,0.5748377,0.6241994,0.61914545,0.6241015,0.6192906,0.62231493,0.6306917,0.62185466,0.6311111,0.61378664,0.5904212,0.621014,0.626723,0.60538244,0.5976296,0.61842644,0.61315227,0.6227625,0.6311147,0.6093418,0.64995795,0.6222294,0.6021021,0.6182445,0.6137272,0.6036032,0.6142294,0.6416809,0.61827,,,,,,,,,
0.5896638,0.6091489,0.6106228,0.60713094,0.61309445,0.60692805,0.6065563,0.6090029,0.60103416,0.61050224,0.60878783,0.6065253,0.61299443,0.6129082,0.5971772,0.5972603,0.6011423,0.6102732,0.60474867,0.5936533,0.6075279,0.6132796,0.6012216,0.609859,0.5979308,0.60411197,0.5989889,0.6061746,0.61193126,0.6145922,0.6042246,0.58118224,0.6096734,0.607181,0.6107916,0.6082428,0.6100268,0.61469936,0.6079579,0.61237705,0.60627973,0.594524,0.6096696,0.61138725,0.5997361,0.59558547,0.60910374,0.6058181,0.60538924,0.6194476,0.6001689,0.63537246,0.6141124,0.60105807,0.60903966,0.6103465,0.59907335,0.6083101,0.63049394,0.6053761,0.60702324,,,,,,,,
0.652606,0.6734685,0.6757343,0.67364585,0.6734329,0.6745938,0.67244524,0.67780125,0.6713953,0.67524815,0.67397463,0.66957396,0.6807635,0.67975396,0.6639087,0.6640962,0.6651379,0.6795332,0.67132336,0.65627176,0.674695,0.6817429,0.6677746,0.6765475,0.6634071,0.6699006,0.66532856,0.67313755,0.6797661,0.682441,0.66740495,0.6395642,0.6792736,0.6748402,0.6781126,0.6762123,0.67644995,0.6826145,0.6747508,0.6795558,0.67028606,0.6523839,0.670886,0.67515534,0.65894836,0.6558603,0.6715385,0.664664,0.6702682,0.6791574,0.65574723,0.69307643,0.65761,0.65489304,0.66082484,0.6576475,0.6504028,0.6494942,0.6684327,0.6510177,0.6382232,0.67684734,,,,,,,
0.607626,0.63142145,0.63519174,0.630539,0.63560635,0.63235044,0.6335256,0.6340921,0.6228694,0.6358641,0.6326882,0.6288398,0.6386831,0.63762474,0.6161874,0.62167937,0.6225234,0.6349136,0.62682503,0.6143107,0.63181925,0.63853097,0.62429434,0.6352883,0.62337196,0.6262011,0.6182327,0.62971026,0.6354786,0.6393252,0.62480843,0.5960512,0.6345672,0.6314418,0.63557565,0.63399285,0.63703084,0.6384588,0.6309793,0.6348327,0.63236856,0.61424685,0.6345168,0.63509554,0.6172763,0.6107591,0.62865645,0.62854236,0.62722987,0.63957083,0.6163921,0.6584355,0.62970716,0.61543554,0.62177706,0.6234373,0.61437243,0.6195512,0.64321065,0.61770934,0.6160375,0.64958334,0.6328707,,,,,,
0.61175656,0.6251121,0.6276185,0.6253058,0.62680596,0.6252654,0.62468207,0.6266729,0.62173903,0.626623,0.6259331,0.6235631,0.6299222,0.62881494,0.6160189,0.6183825,0.61932206,0.62732744,0.6236856,0.6148121,0.62481505,0.6288439,0.6218744,0.6268004,0.6196544,0.6212662,0.61947787,0.62411755,0.62902844,0.63004243,0.6230625,0.60408497,0.6268007,0.6250661,0.6271436,0.62591225,0.625822,0.6300067,0.6251536,0.62861603,0.62370455,0.6133236,0.6263267,0.62573576,0.6182263,0.6152853,0.6247407,0.623116,0.6233385,0.63371307,0.6168167,0.6471882,0.62670165,0.6190168,0.62416977,0.6244361,0.6150836,0.62087095,0.6394957,0.6178715,0.6173322,0.64373827,0.62508434,0.6251872,,,,,
0.58774,0.60004675,0.6020941,0.6001533,0.60427463,0.6002719,0.5994098,0.6017312,0.5961128,0.6017901,0.60102385,0.59848034,0.60395753,0.6040521,0.59180176,0.59334743,0.5954887,0.6023018,0.5976512,0.58957684,0.6009999,0.60403055,0.59578294,0.6023102,0.59389883,0.5976547,0.5940561,0.59897435,0.60313594,0.60461026,0.5980743,0.58036876,0.6017438,0.6004422,0.6023131,0.60105556,0.6022959,0.60552657,0.60148674,0.6043563,0.5991917,0.5893616,0.6025533,0.60219145,0.5941556,0.5912256,0.601607,0.59914744,0.59924436,0.6109045,0.59523374,0.62389725,0.6063239,0.5976426,0.6042388,0.604264,0.59673923,0.6044005,0.621285,0.6018396,0.60207623,0.6285933,0.61048234,0.61254835,0.59935355,,,,
0.5779918,0.5886289,0.58956456,0.5886706,0.5917089,0.5885305,0.58892447,0.5900767,0.5866737,0.5905759,0.58863896,0.5880938,0.5928223,0.5915545,0.58512765,0.58385104,0.5840356,0.5911872,0.5873067,0.5811297,0.5899008,0.5923653,0.5855413,0.5901281,0.5841469,0.5869402,0.58451474,0.5893821,0.59207755,0.5932341,0.5866622,0.5739694,0.5910523,0.58932436,0.5908187,0.59009904,0.58982456,0.5942185,0.59047127,0.59350026,0.58859366,0.5798516,0.59156185,0.5916257,0.58370155,0.58232373,0.59021574,0.5883897,0.5897308,0.59873354,0.5870922,0.6096591,0.59726065,0.5879889,0.594548,0.592962,0.58658016,0.5938734,0.61117786,0.59435886,0.59215724,0.6188902,0.59606695,0.60220987,0.5906633,0.58831215,,,
0.64850175,0.65825015,0.66020674,0.6586091,0.6589278,0.6588752,0.65854144,0.65998644,0.65639204,0.6598822,0.6590723,0.65698034,0.6624038,0.66121995,0.6518508,0.6538633,0.6541691,0.66080993,0.6572984,0.6509753,0.6582246,0.66161054,0.6561624,0.6601178,0.6544093,0.65574443,0.65396076,0.6582342,0.66139275,0.66246945,0.65571415,0.6418829,0.6602718,0.65873855,0.6604926,0.65943533,0.659461,0.66233104,0.65830964,0.6610175,0.6573824,0.6488106,0.65835804,0.6588576,0.65202874,0.6500438,0.6574056,0.6554277,0.6562466,0.662253,0.64986026,0.6714726,0.6539373,0.6497797,0.6519148,0.6519735,0.64657307,0.6469611,0.6607343,0.6459702,0.6409816,0.66366947,0.6491254,0.64604497,0.63444483,0.6244269,0.65951514,,
0.5732899,0.5797262,0.5801663,0.5796999,0.58265936,0.57992953,0.5801818,0.58095145,0.57784826,0.5809933,0.58005226,0.5795078,0.581815,0.58174783,0.5777142,0.5768714,0.5773135,0.58147705,0.5786574,0.57458436,0.58091325,0.5822846,0.5773728,0.58087736,0.57657856,0.5793043,0.5766446,0.57993543,0.5811683,0.58251446,0.5782457,0.5705567,0.581213,0.58034396,0.5812081,0.5806995,0.58114755,0.5833372,0.5812106,0.58295596,0.58005506,0.57487416,0.5819484,0.58205473,0.5770796,0.5753699,0.58078957,0.57966584,0.58106995,0.5863175,0.5794378,0.5929092,0.5856391,0.5791052,0.58429074,0.5836737,0.57978505,0.58597964,0.59668237,0.58566856,0.58510196,0.6030927,0.5895289,0.5921025,0.5849713,0.58168983,0.6102646,0.5794386,
0.594242,0.5969745,0.5975213,0.59710026,0.59777,0.5969961,0.59709144,0.597367,0.59639496,0.59743714,0.5972678,0.5968933,0.5981303,0.5978423,0.59524363,0.59575725,0.59592223,0.59750396,0.5966254,0.59502643,0.59696037,0.5977586,0.59645194,0.597538,0.5960776,0.59631735,0.59592503,0.59708333,0.59794205,0.5980466,0.5967172,0.5928143,0.59741354,0.5970571,0.59752923,0.5973073,0.5972305,0.59821445,0.5972179,0.5978812,0.5969527,0.59462124,0.59786105,0.59735113,0.595575,0.5951063,0.5972998,0.5968667,0.5967317,0.5998514,0.5957954,0.6033072,0.5993201,0.5967036,0.59796023,0.5983355,0.59572953,0.597979,0.6036396,0.5964159,0.5974868,0.60526645,0.59940445,0.6018435,0.5971462,0.5939053,0.6106823,0.58916706,0.5969466
